1828,00:00:00,292.1143636039267
1828,01:00:00,291.2497155229987
1828,02:00:00,290.30626637257836
1828,03:00:00,289.30456929745986
1828,04:00:00,288.3256852370676
1828,05:00:00,287.41357831832
1828,06:00:00,286.6748246424741
1828,07:00:00,286.10358909225715
1828,08:00:00,285.77114230715193
1828,09:00:00,285.69603557183
1828,10:00:00,285.9176688077965
1828,11:00:00,286.49701916860363
1828,12:00:00,287.47051021988625
1828,13:00:00,288.73106344702757
1828,14:00:00,290.12446462065947
1828,15:00:00,291.57250457463994
1828,16:00:00,292.9756692586181
1828,17:00:00,294.24539303592474
1828,18:00:00,295.2823878333097
1828,19:00:00,295.978373056933
1828,20:00:00,296.3105632789936
1828,21:00:00,296.2705959919847
1828,22:00:00,295.8831465065103
1828,23:00:00,295.2253301117474
1829,00:00:00,294.3856547897268
1829,01:00:00,293.3801932104261
1829,02:00:00,292.3054178862524
1829,03:00:00,291.22723083507407
1829,04:00:00,290.21028508931676
1829,05:00:00,289.31248211260953
1829,06:00:00,288.5849583875006
1829,07:00:00,288.0719996071052
1829,08:00:00,287.810359979267
1829,09:00:00,287.82638821910956
1829,10:00:00,288.1325299216664
1829,11:00:00,288.72108715592225
1829,12:00:00,289.56149054059824
1829,13:00:00,290.5980868226448
1829,14:00:00,291.7595853728839
1829,15:00:00,292.9624530282056
1829,16:00:00,294.118583745484
1829,17:00:00,295.1426324623948
1829,18:00:00,295.9590170320226
1829,19:00:00,296.5074828654124
1829,20:00:00,296.7538056280288
1829,21:00:00,296.687747850577
1829,22:00:00,296.32274421766
1829,23:00:00,295.6929901292452
1830,00:00:00,294.84805159690603
1830,01:00:00,293.8480849844437
1830,02:00:00,292.7617604919679
1830,03:00:00,291.66022746729607
1830,04:00:00,290.614513778064
1830,05:00:00,289.6919096248622
1830,06:00:00,288.9526462189038
1830,07:00:00,288.446578251227
1830,08:00:00,288.2099377476879
1830,09:00:00,288.26236821926744
1830,10:00:00,288.6045892233733
1830,11:00:00,289.21727247517737
1830,12:00:00,290.0613321435444
1830,13:00:00,291.08003225436477
1830,14:00:00,292.20287108074643
1830,15:00:00,293.350693154534
1830,16:00:00,294.4419200981446
1830,17:00:00,295.39887304322554
1830,18:00:00,296.1537734053738
1830,19:00:00,296.6539885306206
1830,20:00:00,296.86576662038624
1830,21:00:00,296.77607482908337
1830,22:00:00,296.39289962023264
1830,23:00:00,295.743980819035
1831,00:00:00,294.87443081444786
1831,01:00:00,293.8425199393013
1831,02:00:00,292.71768987046283
1831,03:00:00,291.5744440520505
1831,04:00:00,290.48834458687776
1831,05:00:00,289.53118049630734
1831,06:00:00,288.76642629830263
1831,07:00:00,288.24508803590766
1831,08:00:00,288.00224315180145
1831,09:00:00,288.0544638538352
1831,10:00:00,288.3984261767081
1831,11:00:00,289.0108338203525
1831,12:00:00,289.84968544891814
1831,13:00:00,290.8570045338296
1831,14:00:00,291.96277973546864
1831,15:00:00,293.08983194572886
1831,16:00:00,294.15934219079514
1831,17:00:00,295.09651197739953
1831,18:00:00,295.8358401681851
1831,19:00:00,296.3257413696562
1831,20:00:00,296.532047092737
1831,21:00:00,296.4401820985213
1831,22:00:00,296.05597106701543
1831,23:00:00,295.4050250337434
1832,00:00:00,294.5309209970733
1832,01:00:00,293.4913200434213
1832,02:00:00,292.3560616823531
1832,03:00:00,291.20081085095705
1832,04:00:00,290.1026505168924
1832,05:00:00,289.1348149874599
1832,06:00:00,288.3617655547153
1832,07:00:00,287.83480882695386
1832,08:00:00,287.5886135921336
1832,09:00:00,287.638798592324
1832,10:00:00,287.9808401482522
1832,11:00:00,288.59033442266076
1832,12:00:00,289.42455404731027
1832,13:00:00,290.4253441713392
1832,14:00:00,291.52307301134806
1832,15:00:00,292.6413648869309
1832,16:00:00,293.70239589252424
1832,17:00:00,294.6322964948315
1832,18:00:00,295.36620445914417
1832,19:00:00,295.8527527789579
1832,20:00:00,296.0575621092271
1832,21:00:00,295.96552019715017
1832,22:00:00,295.5817636635596
1832,23:00:00,294.9312584877396
1833,00:00:00,294.05713964324576
1833,01:00:00,293.0169295218535
1833,02:00:00,291.88058943922334
1833,03:00:00,290.7241464312942
1833,04:00:00,289.6251187629645
1833,05:00:00,288.6571194082736
1833,06:00:00,287.88481964145546
1833,07:00:00,287.3595102228643
1833,08:00:00,287.1156268208587
1833,09:00:00,287.16840449588665
1833,10:00:00,287.51288824710315
1833,11:00:00,288.12430440731237
1833,12:00:00,288.95970378489875
1833,13:00:00,289.96090098704644
1833,14:00:00,291.05841742251664
1833,15:00:00,292.17616211787794
1833,16:00:00,293.2366480163916
1833,17:00:00,294.1663106290367
1833,18:00:00,294.9004939611287
1833,19:00:00,295.3879038780342
1833,20:00:00,295.5941038351964
1833,21:00:00,295.50383051635464
1833,22:00:00,295.12203186941446
1833,23:00:00,294.47350674860223
1834,00:00:00,293.60129076748996
1834,01:00:00,292.56290830679814
1834,02:00:00,291.42837388034
1834,03:00:00,290.27385296545805
1834,04:00:00,289.177004272841
1834,05:00:00,288.21154928566006
1834,06:00:00,287.4422033423122
1834,07:00:00,286.9202233281467
1834,08:00:00,286.6799408327209
1834,09:00:00,286.73644203827524
1834,10:00:00,287.0846134880281
1834,11:00:00,287.69954871764475
1834,12:00:00,288.53821771182766
1834,13:00:00,289.54241774930273
1834,14:00:00,290.6427116331308
1834,15:00:00,291.7630901635077
1834,16:00:00,292.8261626310885
1834,17:00:00,293.7584494718969
1834,18:00:00,294.49534865831316
1834,19:00:00,294.9855803417766
1834,20:00:00,295.19468571748155
1834,21:00:00,295.1073554770737
1834,22:00:00,294.7284858969746
1834,23:00:00,294.0828362605736
1835,00:00:00,293.2134274860214
1835,01:00:00,292.1778104754105
1835,02:00:00,291.04601829148794
1835,03:00:00,289.8942797040512
1835,04:00:00,288.8003061936509
1835,05:00:00,287.8378572670692
1835,06:00:00,287.0716619799212
1835,07:00:00,286.55296363859327
1835,08:00:00,286.3160568154701
1835,09:00:00,286.37597645131075
1835,10:00:00,286.72755544386956
1835,11:00:00,287.3458425141602
1835,12:00:00,288.1877795981815
1835,13:00:00,289.1951556520017
1835,14:00:00,290.2985427289976
1835,15:00:00,291.4219522521683
1835,16:00:00,292.4880173830276
1835,17:00:00,293.4232779303646
1835,18:00:00,294.1631413893129
1835,19:00:00,294.65632578783226
1835,20:00:00,294.86836043010555
1835,21:00:00,294.7839189864706
1835,22:00:00,294.40788147258075
1835,23:00:00,293.7649970360389
1836,00:00:00,292.8982860637897
1836,01:00:00,291.8653212320524
1836,02:00:00,290.73613202620044
1836,03:00:00,289.58697846638023
1836,04:00:00,288.4955923168756
1836,05:00:00,287.53574764278517
1836,06:00:00,286.77217949483065
1836,07:00:00,286.2561280218027
1836,08:00:00,286.02187706127927
1836,09:00:00,286.0844464154985
1836,10:00:00,286.4386532462571
1836,11:00:00,287.05953336530513
1836,12:00:00,287.9040208934391
1836,13:00:00,288.9139026659808
1836,14:00:00,290.019753378514
1836,15:00:00,291.14558977060767
1836,16:00:00,292.2140504784301
1836,17:00:00,293.15167871468907
1836,18:00:00,293.89388198416464
1836,19:00:00,294.3893747534185
1836,20:00:00,294.6036801617603
1836,21:00:00,294.52146483528486
1836,22:00:00,294.14760284166664
1836,23:00:00,293.5068401270653
1837,00:00:00,292.6421975807572
1837,01:00:00,291.61126435045827
1837,02:00:00,290.48405537216
1837,03:00:00,289.3368483789465
1837,04:00:00,288.2473824990567
1837,05:00:00,287.2894371467437
1837,06:00:00,286.5277499089637
1837,07:00:00,286.0135606327109
1837,08:00:00,285.7811506329746
1837,09:00:00,285.84553604276573
1837,10:00:00,286.20153037397245
1837,11:00:00,286.8241667665768
1837,12:00:00,287.67037823043245
1837,13:00:00,288.68195204049124
1837,14:00:00,289.78946446271453
1837,15:00:00,290.9169342139817
1837,16:00:00,291.98700152191554
1837,17:00:00,292.92621017110565
1837,18:00:00,293.66996696041537
1837,19:00:00,294.166984456078
1837,20:00:00,294.38278316256833
1837,21:00:00,294.3020269927438
1837,22:00:00,293.9295878994096
1837,23:00:00,293.29021082672017
1838,00:00:00,292.4269170300447
1838,01:00:00,291.3973098316226
1838,02:00:00,290.27138516601167
1838,03:00:00,289.12543326634307
1838,04:00:00,288.03719566427736
1838,05:00:00,287.08045344707915
1838,06:00:00,286.3199449875637
1838,07:00:00,285.8069101545408
1838,08:00:00,285.5756297882881
1838,09:00:00,285.64111943391737
1838,10:00:00,285.99819222587223
1838,11:00:00,286.6218813442349
1838,12:00:00,287.469120374358
1838,13:00:00,288.4816975623522
1838,14:00:00,289.5901903422773
1838,15:00:00,290.71861854201063
1838,16:00:00,291.7896231790587
1838,17:00:00,292.72974832318204
1838,18:00:00,293.47440056405105
1838,19:00:00,293.9722918337975
1838,20:00:00,294.1889417950977
1838,21:00:00,294.10901357286673
1838,22:00:00,293.7373786166625
1838,23:00:00,293.098781805846
1839,00:00:00,292.2362448052447
1839,01:00:00,291.2073845040756
1839,02:00:00,290.0821762583001
1839,03:00:00,288.93692099138934
1839,04:00:00,287.84936086507093
1839,05:00:00,286.89327725549913
1839,06:00:00,286.13340853472386
1839,07:00:00,285.620994450448
1839,08:00:00,285.39031574497795
1839,09:00:00,285.45638804870106
1839,10:00:00,285.81402481679777
1839,11:00:00,286.43825976423784
1839,12:00:00,287.2860272310981
1839,13:00:00,288.2991162846002
1839,14:00:00,289.4081051496059
1839,15:00:00,290.5370143393382
1839,16:00:00,291.60848535465203
1839,17:00:00,292.5490624906852
1839,18:00:00,293.2941523871418
1839,19:00:00,293.7924668807881
1839,20:00:00,294.009525506879
1839,21:00:00,293.9299913503591
1839,22:00:00,293.55873598161315
1839,23:00:00,292.92050459734713
1840,00:00:00,292.0583193259621
1840,01:00:00,291.02981058273775
1840,02:00:00,289.9049325671334
1840,03:00:00,288.75999626921345
1840,04:00:00,287.67274383785144
1840,05:00:00,286.71695640714773
1840,06:00:00,285.95737200350675
1840,07:00:00,285.44523011467174
1840,08:00:00,285.2148114038029
1840,09:00:00,285.2811316863674
1840,10:00:00,285.6390048193935
1840,11:00:00,286.2634650367238
1840,12:00:00,287.11144729999995
1840,13:00:00,288.124741251159
1840,14:00:00,289.2339255962505
1840,15:00:00,290.363021241441
1840,16:00:00,291.434669951785
1840,17:00:00,292.3754161389177
1840,18:00:00,293.1206665215524
1840,19:00:00,293.61913298013866
1840,20:00:00,293.8363351301356
1840,21:00:00,293.75693624464634
1840,22:00:00,293.3858082054106
1840,23:00:00,292.74769664026337
1841,00:00:00,291.885624131779
1841,01:00:00,290.85723471088073
1841,02:00:00,289.7324611326266
1841,03:00:00,288.587624184756
1841,04:00:00,287.5004657108433
1841,05:00:00,286.5447663475428
1841,06:00:00,285.78526359187475
1841,07:00:00,285.2731965740405
1841,08:00:00,285.0428458434285
1841,09:00:00,285.1092273970381
1841,10:00:00,285.4671554713785
1841,11:00:00,286.09166473990075
1841,12:00:00,286.9396906503111
1841,13:00:00,287.95302322875614
1841,14:00:00,289.0622414439027
1841,15:00:00,290.19136639361324
1841,16:00:00,291.2630399432783
1841,17:00:00,292.20380650508514
1841,18:00:00,292.94907282640486
1841,19:00:00,293.44755082774515
1841,20:00:00,293.66476023108174
1841,21:00:00,293.58536453948034
1841,22:00:00,293.2142359790348
1841,23:00:00,292.5761206196083
1842,00:00:00,291.7140414526995
1842,01:00:00,290.68565623895705
1842,02:00:00,289.5608760845488
1842,03:00:00,288.4160314052553
1842,04:00:00,287.3288635497745
1842,05:00:00,286.3731524859217
1842,06:00:00,285.61363505230855
1842,07:00:00,285.1015499494447
1842,08:00:00,284.8711775833422
1842,09:00:00,284.9375341275359
1842,10:00:00,285.2954341820461
1842,11:00:00,285.91991280526963
1842,12:00:00,286.767905841836
1842,13:00:00,287.7812035758715
1842,14:00:00,288.89038509243824
1842,15:00:00,290.0194715474375
1842,16:00:00,291.0911047934183
1842,17:00:00,292.0318291526831
1842,18:00:00,292.7770513488218
1842,19:00:00,293.2754833129432
1842,20:00:00,293.4926448590824
1842,21:00:00,293.4131997177168
1842,22:00:00,293.0420204554148
1842,23:00:00,292.4038535737878
1843,00:00:00,291.5417224263547
1843,01:00:00,290.51329863052723
1843,02:00:00,289.388471476238
1843,03:00:00,288.2435808723527
1843,04:00:00,287.1563675206212
1843,05:00:00,286.20061058087543
1843,06:00:00,285.4410461290303
1843,07:00:00,284.9289123818608
1843,08:00:00,284.69848958726885
1843,09:00:00,284.7647941065273
1843,10:00:00,285.12264090900766
1843,11:00:00,285.74706541347206
1843,12:00:00,286.5950038109454
1843,13:00:00,287.60824656234576
1843,14:00:00,288.71737277045224
1843,15:00:00,289.8464035609176
1843,16:00:00,290.9179806992837
1843,17:00:00,291.8586483574599
1843,18:00:00,292.6038132029063
1843,19:00:00,293.1021871594598
1843,20:00:00,293.31929012469027
1843,21:00:00,293.23978605779337
1843,22:00:00,292.8685478671294
1843,23:00:00,292.2303224847599
1844,00:00:00,291.3681335931844
1844,01:00:00,290.3396668079523
1844,02:00:00,289.214789463288
1844,03:00:00,288.06985084576814
1844,04:00:00,286.9825908798062
1844,05:00:00,286.0267877977323
1844,06:00:00,285.2671768257367
1844,07:00:00,284.7549956583416
1844,08:00:00,284.5245243857558
1844,09:00:00,284.59077958456373
1844,10:00:00,284.94857661831617
1844,11:00:00,285.57295126393365
1844,12:00:00,286.4208400339552
1844,13:00:00,287.4340335129704
1844,14:00:00,288.5431107518395
1844,15:00:00,289.67209278603957
1844,16:00:00,290.74362124620063
1844,17:00:00,291.68424011658755
1844,18:00:00,292.42935599614043
1844,19:00:00,292.927680800624
1844,20:00:00,293.14473451765406
1844,21:00:00,293.0651813504951
1844,22:00:00,292.6938945646443
1844,23:00:00,292.0556215359925
1845,00:00:00,291.1933862585794
1845,01:00:00,290.1648884997197
1845,02:00:00,289.03997352155767
1845,03:00:00,287.89499988645014
1845,04:00:00,286.8077066266577
1845,05:00:00,285.85187094198744
1845,06:00:00,285.0922271353051
1845,07:00:00,284.5800123530173
1845,08:00:00,284.3495065404796
1845,09:00:00,284.41572652993483
1845,10:00:00,284.77348811758185
1845,11:00:00,285.3978274510927
1845,12:00:00,286.2456813555375
1845,13:00:00,287.25884050278864
1845,14:00:00,288.36788383922163
1845,15:00:00,289.4968322670501
1845,16:00:00,290.5683272502431
1845,17:00:00,291.5089125633533
1845,18:00:00,292.25399473849683
1845,19:00:00,292.7522856956826
1845,20:00:00,292.9693055314709
1845,21:00:00,292.889718720479
1845,22:00:00,292.518398912432
1845,23:00:00,291.88009395213976
1846,00:00:00,291.01782813950024
1846,01:00:00,289.9893155547878
1846,02:00:00,288.8643792897059
1846,03:00:00,287.7193870887368
1846,04:00:00,286.6320769878615
1846,05:00:00,285.6762250594363
1846,06:00:00,284.91656461889767
1846,07:00:00,284.40433224765
1846,08:00:00,284.17380776769886
1846,09:00:00,284.24000831585647
1846,10:00:00,284.59775016813677
1846,11:00:00,285.2220698645378
1846,12:00:00,286.06990454293333
1846,13:00:00,287.0830449355688
1846,14:00:00,288.1920698413199
1846,15:00:00,289.32099999546114
1846,16:00:00,290.392476672694
1846,17:00:00,291.3330434245883
1846,18:00:00,292.07810672650965
1846,19:00:00,292.57637852304794
1846,20:00:00,292.7933790463296
1846,21:00:00,292.7137730770978
1846,22:00:00,292.3424346837279
1846,23:00:00,291.7041122122461
1847,00:00:00,290.84183026986625
1847,01:00:00,289.81331741384247
1847,02:00:00,288.6883744804658
1847,03:00:00,287.54337830650076
1847,04:00:00,286.4560658340058
1847,05:00:00,285.5002119191361
1847,06:00:00,284.7405488316161
1847,07:00:00,284.2283125764063
1847,08:00:00,283.9977828788046
1847,09:00:00,284.0639772340183
1847,10:00:00,284.4217124498644
1847,11:00:00,285.0460254850819
1847,12:00:00,285.89385379547434
1847,13:00:00,286.90698815164956
1847,14:00:00,288.01600716685624
1847,15:00:00,289.1449313805348
1847,16:00:00,290.21640186015543
1847,17:00:00,291.1569619255243
1847,18:00:00,291.9020180096095
1847,19:00:00,292.40028210603
1847,20:00:00,292.61727461305844
1847,21:00:00,292.53766065614957
1847,22:00:00,292.1663147604488
1847,23:00:00,291.52798580908905
1848,00:00:00,290.66569872161693
1848,01:00:00,289.63719669554155
1848,02:00:00,288.51225823675463
1848,03:00:00,287.36726918500875
1848,04:00:00,286.2799652941851
1848,05:00:00,285.3241201187377
1848,06:00:00,284.56446482743087
1848,07:00:00,284.05223484009457
1848,08:00:00,283.82170981445836
1848,09:00:00,283.8879076602218
1848,10:00:00,284.24564577114506
1848,11:00:00,284.86996155324806
1848,12:00:00,285.71779278749136
1848,13:00:00,286.7309302629561
1848,14:00:00,287.83995237125566
1848,15:00:00,288.9688794291465
1848,16:00:00,290.0403522808655
1848,17:00:00,290.9809140075602
1848,18:00:00,291.7259710159048
1848,19:00:00,292.2242353746457
1848,20:00:00,292.4412276803374
1848,21:00:00,292.3616134431802
1848,22:00:00,291.9902676845759
1848,23:00:00,291.35193986195065
1849,00:00:00,290.4896552135081
1849,01:00:00,289.4611717372955
1849,02:00:00,288.33624554169666
1849,03:00:00,287.1912713786863
1849,04:00:00,286.1039837211766
1849,05:00:00,285.1481547378347
1849,06:00:00,284.38851444249474
1849,07:00:00,283.87629766222295
1849,08:00:00,283.645784017159
1849,09:00:00,283.71199188823414
1849,10:00:00,284.06973930983605
1849,11:00:00,284.69406416434776
1849,12:00:00,285.5419045656503
1849,13:00:00,286.55505130199373
1849,14:00:00,287.66408250796013
1849,15:00:00,288.79301825133865
1849,16:00:00,289.864499137655
1849,17:00:00,290.80506800298804
1849,18:00:00,291.55013124420316
1849,19:00:00,292.0484010315911
1849,20:00:00,292.26539819237377
1849,21:00:00,292.1857886616994
1849,22:00:00,291.81444799682475
1849,23:00:00,291.17612626671695
1850,00:00:00,290.3138490346768
1850,01:00:00,289.285389255372
1850,02:00:00,288.1604805793478
1850,03:00:00,287.0155265775158
1850,04:00:00,285.92826034949036
1850,05:00:00,284.9724525945272
1850,06:00:00,284.2128321179205
1850,07:00:00,283.7006331465049
1850,08:00:00,283.4701352927818
1850,09:00:00,283.53635746545365
1850,10:00:00,283.8941183939456
1850,11:00:00,284.5184564658411
1850,12:00:00,285.36631013548197
1850,13:00:00,286.37947017083803
1850,14:00:00,287.48851441397545
1850,15:00:00,288.6174626573221
1850,16:00:00,289.6889552520814
1850,17:00:00,290.62953478270447
1850,18:00:00,291.3746076524989
1850,19:00:00,291.8728861594355
1850,20:00:00,292.0898913934579
1850,21:00:00,292.0102897544665
1850,22:00:00,291.6389573747295
1850,23:00:00,291.00064497153346
1851,00:00:00,290.13837843931935
1851,01:00:00,289.10994584072495
1851,02:00:00,287.9850583144551
1851,03:00:00,286.84012815413513
1851,04:00:00,285.7528869938234
1851,05:00:00,284.7971039798265
1851,06:00:00,284.0375066552913
1851,07:00:00,283.5253286391659
1851,08:00:00,283.29484956589636
1851,09:00:00,283.3610889279606
1851,10:00:00,283.71886620364216
1851,11:00:00,284.3432203140232
1851,12:00:00,285.19109006095033
1851,13:00:00,286.2042661722703
1851,14:00:00,287.3133261617299
1851,15:00:00,288.4422895196727
1851,16:00:00,289.5137963270298
1851,17:00:00,290.45438890972065
1851,18:00:00,291.19947369332374
1851,19:00:00,291.6977631291633
1851,20:00:00,291.91477860145665
1851,21:00:00,291.8351870140975
1851,22:00:00,291.4638651129267
1851,23:00:00,290.8255642997104
1852,00:00:00,289.9633108055511
1852,01:00:00,288.9349079475105
1852,02:00:00,287.8100443046883
1852,03:00:00,286.66514079419676
1852,04:00:00,285.5779274922891
1852,05:00:00,284.622171908823
1852,06:00:00,283.8626002711425
1852,07:00:00,283.3504455824133
1852,08:00:00,283.1199875281836
1852,09:00:00,283.1862462401211
1852,10:00:00,283.54404199855225
1852,11:00:00,284.16841428578397
1852,12:00:00,285.0163022576982
1852,13:00:00,286.02949658177863
1852,14:00:00,287.13857440733904
1852,15:00:00,288.2675548956004
1852,16:00:00,289.33907784094805
1852,17:00:00,290.2796853035433
1852,18:00:00,291.0247837466594
1852,19:00:00,291.5230858002085
1852,20:00:00,291.7401131737558
1852,21:00:00,291.6605333138923
1852,22:00:00,291.28922361802876
1852,23:00:00,290.65093620798933
1853,00:00:00,289.7886976565841
1853,01:00:00,288.76032667686803
1853,02:00:00,287.6354892468789
1853,03:00:00,286.49061480507464
1853,04:00:00,285.4034317777565
1853,05:00:00,284.4477059549632
1853,06:00:00,283.688162194619
1853,07:00:00,283.1760328760485
1853,08:00:00,282.9455977647024
1853,09:00:00,283.011877686327
1853,10:00:00,283.3696937759058
1853,11:00:00,283.9940861042035
1853,12:00:00,284.8419941872393
1853,13:00:00,285.85520861159256
1853,14:00:00,286.96430612582367
1853,15:00:00,288.0933055347804
1853,16:00:00,289.16484632980786
1853,17:00:00,290.1054702978602
1853,18:00:00,290.8505839550209
1853,19:00:00,291.3489001346798
1853,20:00:00,291.56594090243976
1853,21:00:00,291.48637428585045
1853,22:00:00,291.1150783714174
1853,23:00:00,290.476806036115
1854,00:00:00,289.6145841991365
1854,01:00:00,288.5862471062791
1854,02:00:00,287.46143809949075
1854,03:00:00,286.3165950336564
1854,04:00:00,285.22944459321644
1854,05:00:00,284.27375076528347
1854,06:00:00,283.5142369849085
1854,07:00:00,283.00213499946426
1854,08:00:00,282.77172468284886
1854,09:00:00,282.83802760934185
1854,10:00:00,283.19586582072236
1854,11:00:00,283.8202800030525
1854,12:00:00,284.6682100382701
1854,13:00:00,285.6814464113223
1854,14:00:00,286.7905654336089
1854,15:00:00,287.91958552625687
1854,16:00:00,288.9911458609694
1854,17:00:00,289.9317879439314
1854,18:00:00,290.67691835894783
1854,19:00:00,291.1752501675296
1854,20:00:00,291.3923058217211
1854,21:00:00,291.3127539679424
1854,22:00:00,290.9414734189423
1854,23:00:00,290.3032178415442
1855,00:00:00,289.44101450573294
1855,01:00:00,288.412713322038
1855,02:00:00,287.287934967831
1855,03:00:00,286.14312560686005
1855,04:00:00,285.0560100901614
1855,05:00:00,284.10035051920056
1855,06:00:00,283.34086885298103
1855,07:00:00,282.8287961988593
1855,08:00:00,282.59841256755755
1855,09:00:00,282.6647403359904
1855,10:00:00,283.02260250447296
1855,11:00:00,283.6470404008969
1855,12:00:00,284.4949942786692
1855,13:00:00,285.5082545002884
1855,14:00:00,286.61739690359934
1855,15:00:00,287.7464394986622
1855,16:00:00,288.81802112092095
1855,17:00:00,289.7586829882059
1855,18:00:00,290.50383176683084
1855,19:00:00,291.0021807709038
1855,20:00:00,291.2192528691017
1855,21:00:00,291.1397173643494
1855,22:00:00,290.7684538324795
1855,23:00:00,290.1302167645413
1856,00:00:00,289.268033785528
1856,01:00:00,288.23977059797323
1856,02:00:00,287.1150251928102
1856,03:00:00,285.97025193254944
1856,04:00:00,284.88317374374526
1856,05:00:00,283.9275507599802
1856,06:00:00,283.16810341140007
1856,07:00:00,282.65606215740206
1856,08:00:00,282.42570717380175
1856,09:00:00,282.4920616939481
1856,10:00:00,282.8499497280869
1856,11:00:00,283.47441327222214
1856,12:00:00,284.32239295661213
1856,13:00:00,285.33567900047046
1856,14:00:00,286.44484673178
1856,15:00:00,287.573913722257
1856,16:00:00,288.64551845451933
1856,17:00:00,289.5862018504944
1856,18:00:00,290.3313706737219
1856,19:00:00,290.82973851526384
1856,20:00:00,291.0468286904556
1856,21:00:00,290.96731119612497
1856,22:00:00,290.5960664077657
1856,23:00:00,289.957849674747
1857,00:00:00,289.0956889811479
1857,01:00:00,288.0674659440699
1857,02:00:00,286.94275585282656
1857,03:00:00,285.7980211561329
1857,04:00:00,284.71098276552374
1857,05:00:00,283.7553987650161
1857,06:00:00,282.9959880035141
1857,07:00:00,282.48398028467875
1857,08:00:00,282.25365597761515
1857,09:00:00,282.32003922562984
1857,10:00:00,282.6779550999741
1857,11:00:00,283.3024462908271
1857,12:00:00,284.1504538105514
1857,13:00:00,285.16376771426394
1857,14:00:00,286.2729627839112
1857,15:00:00,287.4020561257035
1857,16:00:00,288.4736858529545
1857,17:00:00,289.4143925842146
1857,18:00:00,290.15958319492495
1857,19:00:00,290.65797157736455
1857,20:00:00,290.8750815234094
1857,21:00:00,290.7955837609743
1857,22:00:00,290.4243595015448
1857,23:00:00,289.7861649866426
1858,00:00:00,288.9240285633954
1858,01:00:00,287.8958478813209
1858,02:00:00,286.77117551964363
1858,03:00:00,285.6264818983272
1858,04:00:00,284.53948582394105
1858,05:00:00,283.58394324985693
1858,06:00:00,282.8245713918186
1858,07:00:00,282.3125993901648
1858,08:00:00,282.0823078354281
1858,09:00:00,282.14872183412484
1858,10:00:00,282.50666756927166
1858,11:00:00,283.131188451082
1858,12:00:00,283.97922587916133
1858,13:00:00,284.9925697237678
1858,14:00:00,286.1017941848014
1858,15:00:00,287.2309158759431
1858,16:00:00,288.3025725248364
1858,17:00:00,289.24330443927346
1858,18:00:00,289.9885186212424
1858,19:00:00,290.486929288416
1858,20:00:00,290.7040607389577
1858,21:00:00,290.6245844688407
1858,22:00:00,290.2533825616301
1858,23:00:00,289.6152121845741
1859,00:00:00,288.7531020517101
1859,01:00:00,287.72496595808144
1859,02:00:00,286.6003337710808
1859,03:00:00,285.45568376461165
1859,04:00:00,284.3687325509616
1859,05:00:00,283.41323387241545
1859,06:00:00,282.6539032601273
1859,07:00:00,282.14196918373165
1859,08:00:00,281.911712483268
1859,09:00:00,281.978159281438
1859,10:00:00,282.33613692346194
1859,11:00:00,282.960689565241
1859,12:00:00,283.80875899865686
1859,13:00:00,284.8221348884096
1859,14:00:00,285.9313908165225
1859,15:00:00,287.0605428772787
1859,16:00:00,288.1322283964086
1859,17:00:00,289.0729873636651
1859,18:00:00,289.8182269222
1859,19:00:00,290.316661639171
1859,20:00:00,290.5338163486331
1859,21:00:00,290.4543633513715
1859,22:00:00,290.0831856388704
1859,23:00:00,289.4450413374135
1860,00:00:00,288.58295953170955
1860,01:00:00,287.55487027066897
1860,02:00:00,286.43028071483945
1860,03:00:00,285.2856768724414
1860,04:00:00,284.19877307282286
1860,05:00:00,283.24332076740296
1860,06:00:00,282.4840337518254
1860,07:00:00,281.9721398178465
1860,08:00:00,281.7419200830275
1860,09:00:00,281.80840173893915
1860,10:00:00,282.1664133431098
1860,11:00:00,282.7909998225705
1860,12:00:00,283.6391033664055
1860,13:00:00,284.6525134131273
1860,14:00:00,285.76180289124505
1860,15:00:00,286.8909873489381
1860,16:00:00,287.9627036939091
1860,17:00:00,288.90349159069325
1860,18:00:00,289.6487583381915
1860,19:00:00,290.1472188770415
1860,20:00:00,290.36439860664564
1860,21:00:00,290.2849706691254
1860,22:00:00,289.91381899946344
1860,23:00:00,289.27570271601274
1861,00:00:00,288.4136512778146
1861,01:00:00,287.3856110911861
1861,02:00:00,286.2610666215455
1861,03:00:00,285.1165114895261
1861,04:00:00,284.02965765356316
1861,05:00:00,283.0742541951178
1861,06:00:00,282.31501312392396
1861,07:00:00,281.80316154689467
1861,08:00:00,281.57298088705363
1861,09:00:00,281.63949945721646
1861,10:00:00,281.9975470769727
1861,11:00:00,282.62216946970534
1861,12:00:00,283.4703092265168
1861,13:00:00,284.4837555391784
1861,14:00:00,285.59308064724763
1861,15:00:00,286.72229952626384
1861,16:00:00,287.79404864991704
1861,17:00:00,288.73486735045174
1861,18:00:00,289.4801630970625
1861,19:00:00,289.97865122775977
1861,20:00:00,290.1958577365879
1861,21:00:00,290.11645664328705
1861,22:00:00,289.7453328616451
1861,23:00:00,289.10724653483135
1862,00:00:00,288.24522749977643
1862,01:00:00,287.21723861890973
1862,02:00:00,286.0927416809574
1862,03:00:00,284.9482377948161
1862,04:00:00,283.86143646074174
1862,05:00:00,282.9060843118528
1862,06:00:00,282.1468915221085
1862,07:00:00,281.6350845068216
1862,08:00:00,281.4049450223348
1862,09:00:00,281.47150255475776
1862,10:00:00,281.8295882351265
1862,11:00:00,282.4542486081673
1862,12:00:00,283.3024266717041
1862,13:00:00,284.31591135028975
1862,14:00:00,285.42527415930283
1862,15:00:00,286.5545294752799
1862,16:00:00,287.626313322048
1862,17:00:00,288.5671646925896
1862,18:00:00,289.3124912408927
1862,19:00:00,289.8110087261201
1862,20:00:00,290.02824376608135
1862,21:00:00,289.94887129416225
1862,22:00:00,289.57777723797744
1862,23:00:00,288.93972279796077
1863,00:00:00,288.0777381923807
1863,01:00:00,287.04980283361976
1863,02:00:00,285.9253558588633
1863,03:00:00,284.7809057389093
1863,04:00:00,283.6941594292997
1863,05:00:00,282.73886103715347
1863,06:00:00,281.97971885133734
1863,07:00:00,281.467958589015
1863,08:00:00,281.23786236760907
1863,09:00:00,281.30446089822874
1863,10:00:00,281.66258667235735
1863,11:00:00,282.28728708081604
1863,12:00:00,283.1355055327353
1863,13:00:00,284.14903066505593
1863,14:00:00,285.2584332339664
1863,15:00:00,286.3877269908184
1863,16:00:00,287.45954749386163
1863,17:00:00,288.4004333899483
1863,18:00:00,289.1457925323077
1863,19:00:00,289.64434112491205
1863,20:00:00,289.8616064382779
1863,21:00:00,289.78226435519537
1863,22:00:00,289.4112018518301
1863,23:00:00,288.7731812180179
1864,00:00:00,287.9112330567032
1864,01:00:00,286.88335341916695
1864,02:00:00,285.75895882291076
1864,03:00:00,284.6145649720951
1864,04:00:00,283.5278761917683
1864,05:00:00,282.5726339861423
1864,06:00:00,281.81354471023354
1864,07:00:00,281.30183337671616
1864,08:00:00,281.0717824917487
1864,09:00:00,281.1384240427847
1864,10:00:00,281.4965919303543
1864,11:00:00,282.12133441587656
1864,12:00:00,282.96959532425393
1864,13:00:00,283.9831629845071
1864,14:00:00,285.09260735885016
1864,15:00:00,286.22194154745455
1864,16:00:00,287.2938006274163
1864,17:00:00,288.2347228926937
1864,18:00:00,288.98011641014733
1864,19:00:00,289.4786978520856
1864,20:00:00,289.6959951704816
1864,21:00:00,289.6166852330091
1864,22:00:00,289.24565609879966
1864,23:00:00,288.60767117890657
1865,00:00:00,287.74576146417644
1865,01:00:00,286.7179397288106
1865,02:00:00,285.59359990917824
1865,03:00:00,284.4492648121244
1865,04:00:00,283.3626360472034
1865,05:00:00,282.4074524395841
1865,06:00:00,281.64841836224696
1865,07:00:00,281.13675811724585
1865,08:00:00,280.90675462701665
1865,09:00:00,280.97344120632545
1865,10:00:00,281.3316532129323
1865,11:00:00,281.95643980309967
1865,12:00:00,282.8047452218454
1865,13:00:00,283.8183574700541
1865,14:00:00,284.92784568141633
1865,15:00:00,286.0572222791206
1865,16:00:00,287.12912184367667
1865,17:00:00,288.07008230948975
1865,18:00:00,288.8155119713787
1865,19:00:00,289.31412799337727
1865,20:00:00,289.5314590374631
1865,21:00:00,289.4521829913815
1865,22:00:00,289.08118903132447
1865,23:00:00,288.44324172104825
1866,00:00:00,287.58137244241186
1866,01:00:00,286.55361077161183
1866,02:00:00,285.4293281091177
1866,03:00:00,284.2850542316803
1866,04:00:00,283.19848794916265
1866,05:00:00,282.2433653323474
1866,06:00:00,281.48438872458075
1866,07:00:00,280.9727817113757
1866,08:00:00,280.74282765886403
1866,09:00:00,280.80956125969914
1866,10:00:00,281.16781937662375
1866,11:00:00,281.7926520847248
1866,12:00:00,282.6410040533539
1866,13:00:00,283.6546629351411
1866,14:00:00,284.76419700094937
1866,15:00:00,285.8936179713823
1866,16:00:00,286.9655599150777
1866,17:00:00,287.9065604003344
1866,18:00:00,288.65202796419
1866,19:00:00,289.15068028564605
1866,20:00:00,289.36804676502345
1866,21:00:00,289.28880634502497
1866,22:00:00,288.9178493526674
1866,23:00:00,288.2799415355532
1867,00:00:00,287.41811466954914
1867,01:00:00,286.3904152069489
1867,02:00:00,285.2661920642248
1867,03:00:00,284.12198185319113
1867,04:00:00,283.0354805006516
1867,05:00:00,282.0804212484742
1867,06:00:00,281.32150436337264
1867,07:00:00,280.8099527086104
1867,08:00:00,280.5800501213027
1867,09:00:00,280.6468327221573
1867,10:00:00,281.00513892620603
1867,11:00:00,281.63001975107005
1867,12:00:00,282.4784202945274
1867,13:00:00,283.49212784093754
1867,14:00:00,284.60170976428736
1867,15:00:00,285.7311770572011
1867,16:00:00,286.80316326131015
1867,17:00:00,287.74420557236266
1867,18:00:00,288.48971278380213
1867,19:00:00,288.9884031126894
1867,20:00:00,289.20580672580735
1867,21:00:00,289.1266036553907
1867,22:00:00,288.7556854127038
1867,23:00:00,288.11781895998865
1868,00:00:00,287.2560364699984
1868,01:00:00,286.2284013402314
1868,02:00:00,285.1042400617188
1868,03:00:00,283.9600959444728
1868,04:00:00,282.8736619497227
1868,05:00:00,281.91866841673016
1868,06:00:00,281.1598134891933
1868,07:00:00,280.6483193026305
1868,08:00:00,280.41847019228805
1868,09:00:00,280.4853037566729
1868,10:00:00,280.843660009953
1868,11:00:00,281.4685909357135
1868,12:00:00,282.3170420641252
1868,13:00:00,283.3308002913697
1868,14:00:00,284.4404320607745
1868,15:00:00,285.5699476118052
1868,16:00:00,286.64197994410813
1868,17:00:00,287.58306587454587
1868,18:00:00,288.32861446708
1868,19:00:00,288.8273444997617
1868,20:00:00,289.0447869337286
1868,21:00:00,288.9656229249979
1868,22:00:00,288.5947452021551
1868,23:00:00,287.9569219725146
1869,00:00:00,287.09518580847663
1869,01:00:00,286.0676171168383
1869,02:00:00,284.94352002838025
1869,03:00:00,283.7994444124657
1869,04:00:00,282.7130801831113
1869,05:00:00,281.7581547041401
1869,06:00:00,280.9993639504785
1869,07:00:00,280.4879293246203
1869,08:00:00,280.2581356869426
1869,09:00:00,280.3250221630583
1869,10:00:00,280.6834304126458
1869,11:00:00,281.3084134083981
1869,12:00:00,282.15691711671633
1869,13:00:00,283.17072802581237
1869,14:00:00,284.2804116148455
1869,15:00:00,285.4099773451667
1869,16:00:00,286.4820576596182
1869,17:00:00,287.42318898995484
1869,18:00:00,288.16878068468793
1869,19:00:00,288.6675521056238
1869,20:00:00,288.8850350359121
1869,21:00:00,288.80591178927125
1869,22:00:00,288.43507634432
1869,23:00:00,287.7972981835099
1870,00:00:00,286.9356102815312
1870,01:00:00,285.90811011353907
1870,02:00:00,284.7840795218718
1870,03:00:00,283.6400747944553
1870,04:00:00,282.55378271735697
1870,05:00:00,281.59892760700916
1870,06:00:00,280.84020322445235
1870,07:00:00,280.3288302340927
1870,08:00:00,280.0990940482826
1870,09:00:00,280.1660353685962
1870,10:00:00,280.52449754610836
1870,11:00:00,281.1495345654718
1870,12:00:00,281.99809283302625
1870,13:00:00,283.011958409342
1870,14:00:00,284.12169577618766
1870,15:00:00,285.2513135920724
1870,16:00:00,286.3234437283813
1870,17:00:00,287.2646222256521
1870,18:00:00,288.01025873089316
1870,19:00:00,288.50907321225856
1870,20:00:00,288.7265983023236
1870,21:00:00,288.64751750608383
1870,22:00:00,288.27672608453355
1870,23:00:00,287.6389948249491
1871,00:00:00,286.7773571068335
1871,01:00:00,285.7499275277095
1871,02:00:00,284.62596571987604
1871,03:00:00,283.4820342471341
1871,04:00:00,282.3958166877909
1871,05:00:00,281.44103423983705
1871,06:00:00,280.68237840596885
1871,07:00:00,280.17106910765943
1871,08:00:00,279.94139233591767
1871,09:00:00,280.00839041666745
1871,10:00:00,280.3669084377666
1871,11:00:00,280.99200141837866
1871,12:00:00,281.84061620836104
1871,13:00:00,282.85453842109666
1871,14:00:00,283.9643315080352
1871,15:00:00,285.0940033003559
1871,16:00:00,286.1661850835012
1871,17:00:00,287.1074125007991
1871,18:00:00,287.85309551161384
1871,19:00:00,288.35195471285977
1871,20:00:00,288.5695236137005
1871,21:00:00,288.49048694363194
1871,22:00:00,288.1197412779865
1871,23:00:00,287.4820587381668
1872,00:00:00,286.6204731108921
1872,01:00:00,285.59311616499457
1872,02:00:00,284.4692254077098
1872,03:00:00,283.32536953416843
1872,04:00:00,282.239228836056
1872,05:00:00,281.2845213227935
1872,06:00:00,280.52593619494223
1872,07:00:00,280.01469262641723
1872,08:00:00,279.7850772133938
1872,09:00:00,279.8521339540531
1872,10:00:00,280.21070971790834
1872,11:00:00,280.83586058087957
1872,12:00:00,281.6845338397883
1872,13:00:00,282.69851464141755
1872,14:00:00,283.80836537427496
1872,15:00:00,284.9380930179655
1872,16:00:00,286.01032825767794
1872,17:00:00,286.9516063336546
1872,18:00:00,287.697337531382
1872,19:00:00,288.19624309876167
1872,20:00:00,288.41385744844837
1872,21:00:00,288.3348665672992
1872,22:00:00,287.964168376559
1872,23:00:00,287.3265363606624
1873,00:00:00,286.4650047158278
1873,01:00:00,285.43772242605826
1873,02:00:00,284.3139049650484
1873,03:00:00,283.17012701289906
1873,04:00:00,282.08406549678483
1873,05:00:00,281.1294351683732
1873,06:00:00,280.37092288298044
1873,07:00:00,279.8597470625598
1873,08:00:00,279.63019493478384
1873,09:00:00,279.6973122175041
1873,10:00:00,280.0559476062336
1873,11:00:00,280.68115825558175
1873,12:00:00,281.52989191264936
1873,13:00:00,282.5439332383445
1873,14:00:00,283.6538435259236
1873,15:00:00,284.7836288794261
1873,16:00:00,285.85591936965255
1873,17:00:00,286.79724982800354
1873,18:00:00,287.5430308797581
1873,19:00:00,288.0419844458384
1873,20:00:00,288.2596458690264
1873,21:00:00,288.1807024260291
1873,22:00:00,287.81005341517886
1873,23:00:00,287.17247371244616
1874,00:00:00,286.3109979257098
1874,01:00:00,285.28379229291045
1874,02:00:00,284.16005035224435
1874,03:00:00,283.01635262065236
1874,04:00:00,281.9303725839045
1874,05:00:00,280.9758216676941
1874,06:00:00,280.2173843396772
1874,07:00:00,279.706278265664
1874,08:00:00,279.4767913309676
1874,09:00:00,279.5439710200144
1874,10:00:00,279.9026678981219
1874,11:00:00,280.52794022020225
1874,12:00:00,281.37673618681714
1874,13:00:00,282.3908399538683
1874,14:00:00,283.50081168737705
1874,15:00:00,284.6306565920836
1874,16:00:00,285.70300411044883
1874,17:00:00,286.64438865939576
1874,18:00:00,287.3902212175656
1874,19:00:00,287.8892244007362
1874,20:00:00,288.10693450817644
1874,21:00:00,288.02804013855086
1874,22:00:00,287.6574419980475
1874,23:00:00,287.01991638226343
1875,00:00:00,286.15849831277814
1875,01:00:00,285.13137131513065
1875,02:00:00,284.0077070965528
1875,03:00:00,282.86409186096773
1875,04:00:00,281.77819557686564
1875,05:00:00,280.82372627672953
1875,06:00:00,280.06536599884646
1875,07:00:00,279.55433164892565
1875,08:00:00,279.3249117958704
1875,09:00:00,279.39215573706286
1875,10:00:00,279.7509159508764
1875,11:00:00,280.3762518138141
1875,12:00:00,281.2251119829458
1875,13:00:00,282.23928009018493
1875,14:00:00,283.34931514266697
1875,15:00:00,284.4792214223659
1875,16:00:00,285.5516277296369
1875,17:00:00,286.49306806141306
1875,18:00:00,287.2389537631617
1875,19:00:00,287.7380081671462
1875,20:00:00,287.95576855519994
1875,21:00:00,287.87692487966046
1875,22:00:00,287.5063792849231
1875,23:00:00,286.86890951388267
1876,00:00:00,286.0075510037368
1876,01:00:00,284.9805045961684
1876,02:00:00,283.8569202784384
1876,03:00:00,282.71338978991207
1876,04:00:00,281.6275795069651
1876,05:00:00,280.67319400263847
1876,06:00:00,279.9149128448597
1876,07:00:00,279.40395217550497
1876,08:00:00,279.17460127281424
1876,09:00:00,279.2419112929705
1876,10:00:00,279.60073667008805
1876,11:00:00,280.22613792321704
1876,12:00:00,281.0750641688474
1876,13:00:00,282.08929849607824
1876,14:00:00,283.19939872185057
1876,15:00:00,284.32936818217894
1876,16:00:00,285.40183502173613
1876,17:00:00,286.3433328120771
1876,18:00:00,287.08927327885203
1876,19:00:00,287.5883804922266
1876,20:00:00,287.80619274238524
1876,21:00:00,287.72740136665396
1876,22:00:00,287.3569099775614
1876,23:00:00,286.7194977925426
1877,00:00:00,285.8582006662083
1877,01:00:00,284.83123677980575
1877,02:00:00,283.70773451804723
1877,03:00:00,282.5642910025607
1877,04:00:00,281.4785689438364
1877,05:00:00,280.5242693902647
1877,06:00:00,279.76606939915484
1877,07:00:00,279.255184345043
1877,08:00:00,279.0259042410431
1877,09:00:00,279.09328214743346
1877,10:00:00,279.4521744961761
1877,11:00:00,280.077642969486
1877,12:00:00,280.9266371460498
1877,13:00:00,281.94093955348586
1877,14:00:00,283.0511067875851
1877,15:00:00,284.1811412154886
1877,16:00:00,285.253670312805
1877,17:00:00,286.19522722044826
1877,18:00:00,286.94122405749545
1877,19:00:00,287.4403856532131
1877,20:00:00,287.6582513316254
1877,21:00:00,287.5795138459519
1877,22:00:00,287.20907830634593
1877,23:00:00,286.57172543159
1878,00:00:00,285.7104914953782
1878,01:00:00,284.6836120368128
1878,02:00:00,283.5601939618705
1878,03:00:00,282.4168396196713
1878,04:00:00,281.33120798213304
1878,05:00:00,280.3769965088305
1878,06:00:00,279.61887970693823
1878,07:00:00,279.10807218037274
1878,08:00:00,278.8788647024418
1878,09:00:00,278.9463122822505
1878,10:00:00,279.30527339112336
1878,11:00:00,279.9308108947144
1878,12:00:00,280.7798748365462
1878,13:00:00,281.79424716425666
1878,14:00:00,282.90448322189235
1878,15:00:00,284.03458438509347
1878,16:00:00,285.10717744722047
1878,17:00:00,286.0487951134114
1878,18:00:00,286.7948499092973
1878,19:00:00,287.2940674442201
1878,20:00:00,287.5119881012255
1878,21:00:00,287.43330607991373
1878,22:00:00,287.06292801711095
1878,23:00:00,286.42563615930897
1879,00:00:00,285.5644672008325
1879,01:00:00,284.53767405179246
1879,02:00:00,283.41434226959973
1879,03:00:00,282.2710792745483
1879,04:00:00,281.18554022840317
1879,05:00:00,280.23141893881984
1879,06:00:00,279.4733873240774
1879,07:00:00,278.9626592144208
1879,08:00:00,278.7335261684462
1879,09:00:00,278.8010451882399
1879,10:00:00,279.16007682540135
1879,11:00:00,279.78568514894675
1879,12:00:00,280.63482066973665
1879,13:00:00,281.64926473710045
1879,14:00:00,282.7595714131161
1879,15:00:00,283.8897410595892
1879,16:00:00,284.96239977465007
1879,17:00:00,285.90407982265435
1879,18:00:00,286.6501941487942
1879,19:00:00,287.14946916323044
1879,20:00:00,287.3674463328994
1879,21:00:00,287.28882133384025
1879,22:00:00,286.9185023581484
1879,23:00:00,286.2812732059354
1880,00:00:00,285.42017099357906
1880,01:00:00,284.3934660102121
1880,02:00:00,283.27022260116667
1880,03:00:00,282.1270531000918
1880,04:00:00,281.04160878814696
1880,05:00:00,280.0875797590459
1880,06:00:00,279.3296353041765
1880,07:00:00,278.81898847729
1880,08:00:00,278.58993164713274
1880,09:00:00,278.65752385233776
1880,10:00:00,279.0166277650751
1880,11:00:00,279.6423086772905
1880,12:00:00,280.49151756954694
1880,13:00:00,281.5060351747134
1880,14:00:00,282.6164142430545
1880,15:00:00,283.74665410050824
1880,16:00:00,284.8193801371975
1880,17:00:00,285.7611241718205
1880,18:00:00,286.50729958201305
1880,19:00:00,287.0066335992613
1880,20:00:00,287.2246687989404
1880,21:00:00,287.14610236315
1880,22:00:00,286.7758440673914
1880,23:00:00,286.1386792908461
1881,00:00:00,285.2776455732424
1881,01:00:00,284.2510305856057
1881,02:00:00,283.12787760395344
1881,03:00:00,281.9848037160169
1881,04:00:00,280.89945625304557
1881,05:00:00,279.9455215338878
1881,06:00:00,279.1876661858221
1881,07:00:00,278.677102483513
1881,08:00:00,278.44812363048015
1881,09:00:00,278.5157907448651
1881,10:00:00,278.87496865907707
1881,11:00:00,279.5007239071976
1881,12:00:00,280.35000794171606
1881,13:00:00,281.36460086107274
1881,14:00:00,282.4750540742624
1881,15:00:00,283.6053658496279
1881,16:00:00,284.67816085671825
1881,17:00:00,285.6199704638296
1881,18:00:00,286.36620849379716
1881,19:00:00,286.8656030196954
1881,20:00:00,287.08369774955855
1881,21:00:00,287.00519140072277
1881,22:00:00,286.63499535976257
1881,23:00:00,285.99789660991297
1882,00:00:00,285.13693311542517
1882,01:00:00,284.11040992694393
1882,02:00:00,282.9873494001709
1882,03:00:00,281.84437321624023
1882,04:00:00,280.75912468835554
1882,05:00:00,279.80528630069324
1882,06:00:00,279.04752197999295
1882,07:00:00,278.53704321947026
1882,08:00:00,278.30814408179333
1882,09:00:00,278.3758878069592
1882,10:00:00,278.73514142664595
1882,11:00:00,279.3609727359086
1882,12:00:00,280.21033366124834
1882,13:00:00,281.2250036488954
1882,14:00:00,282.3355327375153
1882,15:00:00,283.46591811644123
1882,16:00:00,284.53878372229474
1882,17:00:00,285.4806604683597
1882,18:00:00,286.22696263529355
1882,19:00:00,286.72641915777365
1882,20:00:00,286.94457490037826
1882,21:00:00,286.8661301444015
1882,22:00:00,286.49599791468233
1882,23:00:00,285.8589668230177
1883,00:00:00,284.9980752592283
1883,01:00:00,283.97164564616236
1883,02:00:00,282.84867957439536
1883,03:00:00,281.70580315642536
1883,04:00:00,280.62065562046337
1883,05:00:00,279.6669155573424
1883,06:00:00,278.9092441576324
1883,07:00:00,278.39885213096886
1883,08:00:00,278.1700344232898
1883,09:00:00,278.2378564381669
1883,10:00:00,278.59718744492545
1883,11:00:00,279.2230965180591
1883,12:00:00,280.0725360600255
1883,13:00:00,281.08728484725685
1883,14:00:00,282.19789151943536
1883,15:00:00,283.32835216578985
1883,16:00:00,284.4012899778771
1883,17:00:00,285.3432354094932
1883,18:00:00,286.0896032116052
1883,19:00:00,286.58912320025286
1883,20:00:00,286.807341420101
1883,21:00:00,286.72895974466104
1883,22:00:00,286.3588928637423
1883,23:00:00,285.7219310417302
1884,00:00:00,284.8611130949357
1884,01:00:00,283.83477880585434
1884,02:00:00,282.7119091612689
1884,03:00:00,281.5691345416917
1884,04:00:00,280.4840900246034
1884,05:00:00,279.5304502499734
1884,06:00:00,278.77287363738105
1884,07:00:00,278.2625701109833
1884,08:00:00,278.03383552384724
1884,09:00:00,278.1017374841983
1884,10:00:00,278.46114753672543
1884,11:00:00,279.0871360534472
1884,12:00:00,279.93665591458154
1884,13:00:00,280.9514852093729
1884,14:00:00,282.06217115027994
1884,15:00:00,283.19270870565765
1884,16:00:00,284.2657203100822
1884,17:00:00,285.20773595352114
1884,18:00:00,285.95417086960026
1884,19:00:00,286.45375577522026
1884,20:00:00,286.67203791832605
1884,21:00:00,286.5937207924338
1884,22:00:00,286.2237207785369
1884,23:00:00,285.58682981714685
1885,00:00:00,284.7260871518594
1885,01:00:00,283.6998499071234
1885,02:00:00,282.57707863336077
1885,03:00:00,281.4344078144844
1885,04:00:00,280.3494683127354
1885,05:00:00,279.3959307608688
1885,06:00:00,278.6384507734728
1885,07:00:00,278.12823748755835
1885,08:00:00,277.89958768691383
1885,09:00:00,277.96757122484416
1885,10:00:00,278.32706195844554
1885,11:00:00,278.95313157496344
1885,12:00:00,279.8027334340392
1885,13:00:00,280.8176449205425
1885,14:00:00,281.928411791891
1885,15:00:00,283.05902787512815
1885,16:00:00,284.13211483615675
1885,17:00:00,285.07420219691363
1885,18:00:00,285.82070568588875
1885,19:00:00,286.3203569400757
1885,20:00:00,286.5387044335372
1885,21:00:00,286.46045330710234
1885,22:00:00,286.09052165866154
1885,23:00:00,285.45370312789396
1886,00:00:00,284.59303738634856
1886,01:00:00,283.56689887760166
1886,02:00:00,282.44422788919337
1886,03:00:00,281.3016628426097
1886,04:00:00,280.2168303215896
1886,05:00:00,279.26339689650945
1886,06:00:00,278.5060153437952
1886,07:00:00,277.9958940118779
1886,08:00:00,277.76733063858336
1886,09:00:00,277.83539736205825
1886,10:00:00,278.1949703881646
1886,11:00:00,278.8211227366882
1886,12:00:00,279.6708082482139
1886,13:00:00,280.6858035862594
1886,14:00:00,281.79665302581355
1886,15:00:00,282.9273492325083
1886,16:00:00,284.00051309210846
1886,17:00:00,284.94267365445586
1886,18:00:00,285.6892471549641
1886,19:00:00,286.188966169679
1886,20:00:00,286.407380421256
1886,21:00:00,286.3291967246577
1886,22:00:00,285.95933491987705
1886,23:00:00,285.3225903682991
1887,00:00:00,284.46200316996755
1887,01:00:00,283.43596505963615
1887,02:00:00,282.31339624143743
1887,03:00:00,281.1709389074385
1887,04:00:00,280.08621530087987
1887,05:00:00,279.13288787579626
1887,06:00:00,278.3756065381206
1887,07:00:00,277.8655788465039
1887,08:00:00,277.63710351584297
1887,09:00:00,277.7052550082117
1887,10:00:00,278.06491191390205
1887,11:00:00,278.69114860215893
1887,12:00:00,279.54091939588955
1887,13:00:00,280.5560002204942
1887,14:00:00,281.6669338415849
1887,15:00:00,282.7977117436259
1887,16:00:00,283.87095402100977
1887,17:00:00,284.81318924755885
1887,18:00:00,285.55983417751946
1887,19:00:00,286.0596223446719
1887,20:00:00,286.27810474236924
1887,21:00:00,286.1999898860333
1887,22:00:00,285.8301993824485
1887,23:00:00,285.1935303367357
